{
  "project_info": {
    "project_number": "951383028180",
    "firebase_url": "https://coen390-35001-default-rtdb.firebaseio.com",
    "project_id": "coen390-35001",
    "storage_bucket": "coen390-35001.appspot.com"
  },
  "client": [
    {
      "client_info": {
        "mobilesdk_app_id": "1:951383028180:android:22d4214bccc53f76f62641",
        "android_client_info": {
          "package_name": "com.example.breathalyzer"
        }
      },
      "oauth_client": [
        {
          "client_id": "951383028180-vg2pe5tqjucedqm6t0pgecve92us1s4b.apps.googleusercontent.com",
          "client_type": 3
        }
      ],
      "api_key": [
        {
          "current_key": "AIzaSyB6UVyp-PHAx4SIVJk6y56jDoBYEXQdJZ4"
        }
      ],
      "services": {
        "appinvite_service": {
          "other_platform_oauth_client": [
            {
              "client_id": "951383028180-vg2pe5tqjucedqm6t0pgecve92us1s4b.apps.googleusercontent.com",
              "client_type": 3
            }
          ]
        }
      }
    }
  ],
  "configuration_version": "1"
}